ID,MODULATION
0,8PSK
1,CPFSK
2,GFSK
3,8PSK
4,8PSK
5,BPSK
6,BPSK
7,BPSK
8,GFSK
9,CPFSK
10,8PSK
11,8PSK
12,BPSK
13,BPSK
14,BPSK
15,GFSK
16,8PSK
17,QPSK
18,CPFSK
19,8PSK
20,QPSK
21,8PSK
22,BPSK
23,GFSK
24,8PSK
25,CPFSK
26,CPFSK
27,8PSK
28,BPSK
29,CPFSK
30,BPSK
31,BPSK
32,QPSK
33,GFSK
34,CPFSK
35,GFSK
36,8PSK
37,BPSK
38,QPSK
39,8PSK
40,8PSK
41,BPSK
42,8PSK
43,GFSK
44,8PSK
45,GFSK
46,CPFSK
47,8PSK
48,BPSK
49,GFSK
50,BPSK
51,8PSK
52,8PSK
53,QPSK
54,QPSK
55,QPSK
56,8PSK
57,QPSK
58,8PSK
59,8PSK
60,QPSK
61,CPFSK
62,CPFSK
63,CPFSK
64,GFSK
65,QPSK
66,CPFSK
67,QPSK
68,BPSK
69,CPFSK
70,GFSK
71,GFSK
72,8PSK
73,GFSK
74,BPSK
75,QPSK
76,BPSK
77,QPSK
78,GFSK
79,8PSK
80,BPSK
81,BPSK
82,CPFSK
83,BPSK
84,QPSK
85,QPSK
86,8PSK
87,CPFSK
88,GFSK
89,BPSK
90,8PSK
91,BPSK
92,8PSK
93,CPFSK
94,QPSK
95,QPSK
96,GFSK
97,QPSK
98,CPFSK
99,GFSK
100,GFSK
101,BPSK
102,GFSK
103,8PSK
104,BPSK
105,CPFSK
106,QPSK
107,QPSK
108,CPFSK
109,CPFSK
110,BPSK
111,CPFSK
112,BPSK
113,QPSK
114,8PSK
115,BPSK
116,QPSK
117,BPSK
118,CPFSK
119,BPSK
120,BPSK
121,GFSK
122,BPSK
123,BPSK
124,GFSK
125,8PSK
126,QPSK
127,GFSK
128,8PSK
129,QPSK
130,QPSK
131,BPSK
132,BPSK
133,BPSK
134,BPSK
135,8PSK
136,CPFSK
137,GFSK
138,BPSK
139,8PSK
140,QPSK
141,GFSK
142,8PSK
143,BPSK
144,8PSK
145,BPSK
146,QPSK
147,8PSK
148,BPSK
149,CPFSK
150,BPSK
151,CPFSK
152,BPSK
153,GFSK
154,QPSK
155,GFSK
156,CPFSK
157,GFSK
158,8PSK
159,QPSK
160,CPFSK
161,BPSK
162,CPFSK
163,BPSK
164,BPSK
165,BPSK
166,8PSK
167,GFSK
168,8PSK
169,8PSK
170,8PSK
171,BPSK
172,GFSK
173,CPFSK
174,BPSK
175,CPFSK
176,GFSK
177,CPFSK
178,8PSK
179,8PSK
180,GFSK
181,8PSK
182,BPSK
183,QPSK
184,CPFSK
185,CPFSK
186,CPFSK
187,BPSK
188,QPSK
189,CPFSK
190,BPSK
191,8PSK
192,BPSK
193,8PSK
194,CPFSK
195,QPSK
196,GFSK
197,GFSK
198,CPFSK
199,CPFSK
200,8PSK
201,BPSK
202,GFSK
203,QPSK
204,8PSK
205,CPFSK
206,QPSK
207,QPSK
208,GFSK
209,8PSK
210,CPFSK
211,CPFSK
212,8PSK
213,8PSK
214,BPSK
215,BPSK
216,GFSK
217,GFSK
218,GFSK
219,8PSK
220,8PSK
221,CPFSK
222,BPSK
223,QPSK
224,CPFSK
225,BPSK
226,QPSK
227,GFSK
228,8PSK
229,BPSK
230,QPSK
231,8PSK
232,BPSK
233,8PSK
234,8PSK
235,QPSK
236,8PSK
237,8PSK
238,GFSK
239,BPSK
240,CPFSK
241,GFSK
242,QPSK
243,QPSK
244,BPSK
245,QPSK
246,CPFSK
247,QPSK
248,CPFSK
249,CPFSK
250,BPSK
251,QPSK
252,QPSK
253,GFSK
254,GFSK
255,BPSK
256,CPFSK
257,CPFSK
258,GFSK
259,GFSK
260,8PSK
261,BPSK
262,GFSK
263,GFSK
264,QPSK
265,GFSK
266,QPSK
267,GFSK
268,QPSK
269,CPFSK
270,QPSK
271,GFSK
272,CPFSK
273,BPSK
274,QPSK
275,CPFSK
276,CPFSK
277,CPFSK
278,GFSK
279,QPSK
280,CPFSK
281,CPFSK
282,CPFSK
283,BPSK
284,CPFSK
285,QPSK
286,8PSK
287,BPSK
288,8PSK
289,BPSK
290,GFSK
291,GFSK
292,QPSK
293,BPSK
294,CPFSK
295,BPSK
296,BPSK
297,QPSK
298,BPSK
299,8PSK
300,8PSK
301,GFSK
302,QPSK
303,GFSK
304,GFSK
305,8PSK
306,GFSK
307,BPSK
308,CPFSK
309,CPFSK
310,GFSK
311,CPFSK
312,GFSK
313,8PSK
314,QPSK
315,CPFSK
316,8PSK
317,CPFSK
318,CPFSK
319,8PSK
320,QPSK
321,BPSK
322,CPFSK
323,BPSK
324,QPSK
325,CPFSK
326,BPSK
327,8PSK
328,GFSK
329,BPSK
330,8PSK
331,GFSK
332,BPSK
333,GFSK
334,8PSK
335,QPSK
336,GFSK
337,BPSK
338,GFSK
339,QPSK
340,CPFSK
341,BPSK
342,8PSK
343,8PSK
344,CPFSK
345,CPFSK
346,CPFSK
347,8PSK
348,8PSK
349,8PSK
350,GFSK
351,GFSK
352,BPSK
353,8PSK
354,CPFSK
355,CPFSK
356,GFSK
357,QPSK
358,BPSK
359,8PSK
360,CPFSK
361,CPFSK
362,GFSK
363,GFSK
364,GFSK
365,GFSK
366,8PSK
367,8PSK
368,BPSK
369,GFSK
370,8PSK
371,GFSK
372,CPFSK
373,8PSK
374,8PSK
375,CPFSK
376,8PSK
377,QPSK
378,GFSK
379,GFSK
380,QPSK
381,BPSK
382,GFSK
383,BPSK
384,CPFSK
385,BPSK
386,8PSK
387,BPSK
388,GFSK
389,GFSK
390,GFSK
391,QPSK
392,8PSK
393,BPSK
394,CPFSK
395,BPSK
396,CPFSK
397,8PSK
398,BPSK
399,QPSK
400,QPSK
401,8PSK
402,GFSK
403,BPSK
404,8PSK
405,BPSK
406,8PSK
407,QPSK
408,CPFSK
409,GFSK
410,8PSK
411,8PSK
412,BPSK
413,GFSK
414,BPSK
415,BPSK
416,GFSK
417,GFSK
418,CPFSK
419,CPFSK
420,8PSK
421,GFSK
422,QPSK
423,CPFSK
424,GFSK
425,QPSK
426,BPSK
427,8PSK
428,BPSK
429,QPSK
430,GFSK
431,8PSK
432,GFSK
433,QPSK
434,CPFSK
435,QPSK
436,GFSK
437,QPSK
438,GFSK
439,GFSK
440,CPFSK
441,GFSK
442,CPFSK
443,CPFSK
444,CPFSK
445,GFSK
446,CPFSK
447,CPFSK
448,QPSK
449,BPSK
450,BPSK
451,8PSK
452,BPSK
453,8PSK
454,8PSK
455,QPSK
456,QPSK
457,CPFSK
458,8PSK
459,QPSK
460,QPSK
461,8PSK
462,CPFSK
463,QPSK
464,BPSK
465,QPSK
466,QPSK
467,8PSK
468,GFSK
469,8PSK
470,GFSK
471,CPFSK
472,CPFSK
473,GFSK
474,CPFSK
475,QPSK
476,BPSK
477,8PSK
478,GFSK
479,BPSK
480,QPSK
481,CPFSK
482,GFSK
483,8PSK
484,QPSK
485,BPSK
486,CPFSK
487,CPFSK
488,8PSK
489,8PSK
490,CPFSK
491,GFSK
492,QPSK
493,BPSK
494,CPFSK
495,8PSK
496,8PSK
497,GFSK
498,8PSK
499,8PSK
500,CPFSK
501,BPSK
502,GFSK
503,BPSK
504,QPSK
505,CPFSK
506,QPSK
507,CPFSK
508,8PSK
509,GFSK
510,BPSK
511,BPSK
512,8PSK
513,8PSK
514,BPSK
515,QPSK
516,8PSK
517,QPSK
518,BPSK
519,BPSK
520,8PSK
521,CPFSK
522,8PSK
523,BPSK
524,CPFSK
525,CPFSK
526,8PSK
527,CPFSK
528,CPFSK
529,QPSK
530,GFSK
531,GFSK
532,8PSK
533,GFSK
534,CPFSK
535,BPSK
536,QPSK
537,QPSK
538,BPSK
539,8PSK
540,BPSK
541,GFSK
542,8PSK
543,CPFSK
544,8PSK
545,GFSK
546,8PSK
547,GFSK
548,BPSK
549,GFSK
550,CPFSK
551,QPSK
552,QPSK
553,8PSK
554,QPSK
555,QPSK
556,GFSK
557,8PSK
558,GFSK
559,QPSK
560,8PSK
561,GFSK
562,8PSK
563,BPSK
564,QPSK
565,QPSK
566,GFSK
567,BPSK
568,GFSK
569,8PSK
570,CPFSK
571,QPSK
572,BPSK
573,CPFSK
574,BPSK
575,CPFSK
576,CPFSK
577,CPFSK
578,GFSK
579,8PSK
580,8PSK
581,CPFSK
582,QPSK
583,CPFSK
584,CPFSK
585,8PSK
586,GFSK
587,GFSK
588,BPSK
589,GFSK
590,BPSK
591,8PSK
592,CPFSK
593,BPSK
594,8PSK
595,GFSK
596,8PSK
597,GFSK
598,GFSK
599,BPSK
600,GFSK
601,BPSK
602,8PSK
603,BPSK
604,QPSK
605,QPSK
606,8PSK
607,CPFSK
608,CPFSK
609,GFSK
610,8PSK
611,BPSK
612,CPFSK
613,CPFSK
614,8PSK
615,BPSK
616,CPFSK
617,CPFSK
618,QPSK
619,GFSK
620,BPSK
621,BPSK
622,BPSK
623,QPSK
624,8PSK
625,GFSK
626,BPSK
627,GFSK
628,GFSK
629,8PSK
630,BPSK
631,CPFSK
632,CPFSK
633,CPFSK
634,CPFSK
635,QPSK
636,QPSK
637,BPSK
638,8PSK
639,8PSK
640,GFSK
641,QPSK
642,CPFSK
643,GFSK
644,BPSK
645,GFSK
646,BPSK
647,GFSK
648,CPFSK
649,CPFSK
650,GFSK
651,8PSK
652,8PSK
653,CPFSK
654,CPFSK
655,QPSK
656,GFSK
657,QPSK
658,GFSK
659,QPSK
660,CPFSK
661,CPFSK
662,QPSK
663,8PSK
664,CPFSK
665,BPSK
666,QPSK
667,GFSK
668,8PSK
669,QPSK
670,8PSK
671,8PSK
672,GFSK
673,BPSK
674,CPFSK
675,GFSK
676,BPSK
677,CPFSK
678,8PSK
679,QPSK
680,8PSK
681,QPSK
682,CPFSK
683,8PSK
684,8PSK
685,QPSK
686,8PSK
687,BPSK
688,QPSK
689,QPSK
690,8PSK
691,BPSK
692,QPSK
693,BPSK
694,GFSK
695,BPSK
696,QPSK
697,GFSK
698,BPSK
699,GFSK
700,BPSK
701,CPFSK
702,GFSK
703,8PSK
704,GFSK
705,CPFSK
706,CPFSK
707,GFSK
708,GFSK
709,GFSK
710,BPSK
711,BPSK
712,BPSK
713,GFSK
714,BPSK
715,8PSK
716,GFSK
717,GFSK
718,QPSK
719,8PSK
720,GFSK
721,CPFSK
722,CPFSK
723,BPSK
724,QPSK
725,CPFSK
726,QPSK
727,8PSK
728,GFSK
729,CPFSK
730,QPSK
731,QPSK
732,CPFSK
733,CPFSK
734,GFSK
735,BPSK
736,GFSK
737,BPSK
738,CPFSK
739,QPSK
740,QPSK
741,8PSK
742,GFSK
743,BPSK
744,GFSK
745,QPSK
746,GFSK
747,QPSK
748,GFSK
749,8PSK
750,BPSK
751,CPFSK
752,BPSK
753,CPFSK
754,QPSK
755,BPSK
756,QPSK
757,8PSK
758,QPSK
759,8PSK
760,QPSK
761,CPFSK
762,CPFSK
763,GFSK
764,BPSK
765,GFSK
766,CPFSK
767,BPSK
768,GFSK
769,QPSK
770,BPSK
771,QPSK
772,8PSK
773,QPSK
774,GFSK
775,CPFSK
776,QPSK
777,GFSK
778,BPSK
779,QPSK
780,GFSK
781,CPFSK
782,CPFSK
783,BPSK
784,BPSK
785,QPSK
786,CPFSK
787,BPSK
788,BPSK
789,QPSK
790,QPSK
791,BPSK
792,GFSK
793,CPFSK
794,BPSK
795,CPFSK
796,BPSK
797,CPFSK
798,8PSK
799,8PSK
800,QPSK
801,GFSK
802,8PSK
803,8PSK
804,BPSK
805,GFSK
806,CPFSK
807,GFSK
808,8PSK
809,BPSK
810,CPFSK
811,CPFSK
812,BPSK
813,8PSK
814,8PSK
815,GFSK
816,CPFSK
817,QPSK
818,QPSK
819,GFSK
820,8PSK
821,QPSK
822,QPSK
823,GFSK
824,GFSK
825,BPSK
826,CPFSK
827,BPSK
828,QPSK
829,CPFSK
830,BPSK
831,BPSK
832,8PSK
833,CPFSK
834,BPSK
835,8PSK
836,BPSK
837,QPSK
838,GFSK
839,CPFSK
840,QPSK
841,QPSK
842,GFSK
843,QPSK
844,BPSK
845,BPSK
846,CPFSK
847,QPSK
848,8PSK
849,8PSK
850,CPFSK
851,QPSK
852,QPSK
853,BPSK
854,QPSK
855,8PSK
856,8PSK
857,GFSK
858,QPSK
859,8PSK
860,GFSK
861,CPFSK
862,8PSK
863,BPSK
864,QPSK
865,8PSK
866,QPSK
867,CPFSK
868,GFSK
869,8PSK
870,CPFSK
871,8PSK
872,GFSK
873,BPSK
874,QPSK
875,GFSK
876,BPSK
877,BPSK
878,BPSK
879,CPFSK
880,BPSK
881,QPSK
882,GFSK
883,GFSK
884,BPSK
885,QPSK
886,QPSK
887,QPSK
888,CPFSK
889,GFSK
890,GFSK
891,QPSK
892,8PSK
893,BPSK
894,GFSK
895,CPFSK
896,BPSK
897,BPSK
898,GFSK
899,8PSK
900,QPSK
901,CPFSK
902,8PSK
903,GFSK
904,BPSK
905,CPFSK
906,BPSK
907,8PSK
908,BPSK
909,8PSK
910,8PSK
911,BPSK
912,8PSK
913,BPSK
914,CPFSK
915,BPSK
916,8PSK
917,QPSK
918,GFSK
919,GFSK
920,BPSK
921,GFSK
922,8PSK
923,GFSK
924,QPSK
925,BPSK
926,BPSK
927,BPSK
928,CPFSK
929,BPSK
930,GFSK
931,GFSK
932,QPSK
933,CPFSK
934,CPFSK
935,GFSK
936,BPSK
937,QPSK
938,GFSK
939,GFSK
940,QPSK
941,GFSK
942,CPFSK
943,QPSK
944,8PSK
945,BPSK
946,BPSK
947,8PSK
948,BPSK
949,QPSK
950,BPSK
951,QPSK
952,8PSK
953,CPFSK
954,GFSK
955,CPFSK
956,8PSK
957,8PSK
958,CPFSK
959,8PSK
960,GFSK
961,QPSK
962,BPSK
963,BPSK
964,CPFSK
965,BPSK
966,BPSK
967,GFSK
968,QPSK
969,GFSK
970,QPSK
971,GFSK
972,GFSK
973,QPSK
974,GFSK
975,8PSK
976,8PSK
977,CPFSK
978,CPFSK
979,QPSK
980,BPSK
981,GFSK
982,GFSK
983,8PSK
984,8PSK
985,CPFSK
986,BPSK
987,BPSK
988,CPFSK
989,QPSK
990,GFSK
991,QPSK
992,GFSK
993,BPSK
994,GFSK
995,BPSK
996,QPSK
997,BPSK
998,CPFSK
999,GFSK
1000,GFSK
1001,QPSK
1002,8PSK
1003,QPSK
1004,BPSK
1005,CPFSK
1006,QPSK
1007,BPSK
1008,QPSK
1009,8PSK
1010,GFSK
1011,BPSK
1012,CPFSK
1013,QPSK
1014,8PSK
1015,8PSK
1016,QPSK
1017,CPFSK
1018,BPSK
1019,QPSK
1020,GFSK
1021,GFSK
1022,GFSK
1023,8PSK
1024,QPSK
1025,CPFSK
1026,BPSK
1027,GFSK
1028,QPSK
1029,QPSK
1030,QPSK
1031,QPSK
1032,QPSK
1033,BPSK
1034,8PSK
1035,BPSK
1036,GFSK
1037,BPSK
1038,QPSK
1039,BPSK
1040,BPSK
1041,BPSK
1042,QPSK
1043,CPFSK
1044,BPSK
1045,8PSK
1046,8PSK
1047,QPSK
1048,QPSK
1049,QPSK
1050,QPSK
1051,GFSK
1052,CPFSK
1053,BPSK
1054,CPFSK
1055,GFSK
1056,BPSK
1057,CPFSK
1058,CPFSK
1059,QPSK
1060,8PSK
1061,QPSK
1062,GFSK
1063,QPSK
1064,BPSK
1065,GFSK
1066,BPSK
1067,QPSK
1068,QPSK
1069,QPSK
1070,CPFSK
1071,BPSK
1072,CPFSK
1073,CPFSK
1074,BPSK
1075,8PSK
1076,QPSK
1077,BPSK
1078,8PSK
1079,GFSK
1080,CPFSK
1081,8PSK
1082,CPFSK
1083,CPFSK
1084,CPFSK
1085,8PSK
1086,QPSK
1087,GFSK
1088,BPSK
1089,BPSK
1090,8PSK
1091,8PSK
1092,CPFSK
1093,CPFSK
1094,8PSK
1095,QPSK
1096,QPSK
1097,8PSK
1098,8PSK
1099,8PSK
1100,8PSK
1101,CPFSK
1102,QPSK
1103,QPSK
1104,QPSK
1105,8PSK
1106,BPSK
1107,GFSK
1108,QPSK
1109,QPSK
1110,QPSK
1111,QPSK
1112,CPFSK
1113,BPSK
1114,QPSK
1115,BPSK
1116,GFSK
1117,BPSK
1118,CPFSK
1119,GFSK
1120,BPSK
1121,8PSK
1122,GFSK
1123,CPFSK
1124,BPSK
1125,8PSK
1126,QPSK
1127,BPSK
1128,BPSK
1129,BPSK
1130,8PSK
1131,QPSK
1132,CPFSK
1133,BPSK
1134,BPSK
1135,BPSK
1136,GFSK
1137,GFSK
1138,QPSK
1139,CPFSK
1140,CPFSK
1141,BPSK
1142,GFSK
1143,CPFSK
1144,GFSK
1145,QPSK
1146,CPFSK
1147,BPSK
1148,QPSK
1149,GFSK
1150,QPSK
1151,QPSK
1152,GFSK
1153,QPSK
1154,GFSK
1155,QPSK
1156,GFSK
1157,CPFSK
1158,GFSK
1159,CPFSK
1160,CPFSK
1161,GFSK
1162,BPSK
1163,BPSK
1164,BPSK
1165,CPFSK
1166,GFSK
1167,CPFSK
1168,BPSK
1169,QPSK
1170,BPSK
1171,BPSK
1172,CPFSK
1173,CPFSK
1174,8PSK
1175,QPSK
1176,GFSK
1177,QPSK
1178,8PSK
1179,BPSK
1180,GFSK
1181,CPFSK
1182,GFSK
1183,8PSK
1184,CPFSK
1185,CPFSK
1186,8PSK
1187,GFSK
1188,CPFSK
1189,8PSK
1190,CPFSK
1191,BPSK
1192,QPSK
1193,GFSK
1194,QPSK
1195,BPSK
1196,8PSK
1197,8PSK
1198,CPFSK
1199,GFSK
1200,BPSK
1201,CPFSK
1202,CPFSK
1203,CPFSK
1204,QPSK
1205,GFSK
1206,GFSK
1207,QPSK
1208,CPFSK
1209,BPSK
1210,CPFSK
1211,8PSK
1212,BPSK
1213,CPFSK
1214,CPFSK
1215,QPSK
1216,BPSK
1217,CPFSK
1218,8PSK
1219,8PSK
1220,CPFSK
1221,8PSK
1222,CPFSK
1223,GFSK
1224,GFSK
1225,8PSK
1226,GFSK
1227,CPFSK
1228,BPSK
1229,8PSK
1230,QPSK
1231,CPFSK
1232,BPSK
1233,CPFSK
1234,BPSK
1235,BPSK
1236,BPSK
1237,QPSK
1238,QPSK
1239,QPSK
1240,CPFSK
1241,BPSK
1242,8PSK
1243,8PSK
1244,GFSK
1245,QPSK
1246,BPSK
1247,GFSK
1248,BPSK
1249,QPSK
1250,8PSK
1251,8PSK
1252,GFSK
1253,8PSK
1254,BPSK
1255,BPSK
1256,QPSK
1257,GFSK
1258,CPFSK
1259,QPSK
1260,GFSK
1261,BPSK
1262,GFSK
1263,CPFSK
1264,GFSK
1265,GFSK
1266,QPSK
1267,GFSK
1268,BPSK
1269,QPSK
1270,GFSK
1271,CPFSK
1272,CPFSK
1273,BPSK
1274,GFSK
1275,CPFSK
1276,QPSK
1277,QPSK
1278,QPSK
1279,QPSK
1280,CPFSK
1281,BPSK
1282,QPSK
1283,CPFSK
1284,GFSK
1285,8PSK
1286,QPSK
1287,8PSK
1288,QPSK
1289,CPFSK
1290,CPFSK
1291,CPFSK
1292,GFSK
1293,CPFSK
1294,8PSK
1295,QPSK
1296,8PSK
1297,GFSK
1298,CPFSK
1299,8PSK
1300,BPSK
1301,BPSK
1302,BPSK
1303,GFSK
1304,CPFSK
1305,CPFSK
1306,GFSK
1307,8PSK
1308,CPFSK
1309,8PSK
1310,GFSK
1311,BPSK
1312,BPSK
1313,QPSK
1314,GFSK
1315,QPSK
1316,QPSK
1317,QPSK
1318,QPSK
1319,CPFSK
1320,GFSK
1321,8PSK
1322,GFSK
1323,BPSK
1324,8PSK
1325,8PSK
1326,GFSK
1327,QPSK
1328,BPSK
1329,BPSK
1330,8PSK
1331,CPFSK
1332,CPFSK
1333,CPFSK
1334,CPFSK
1335,GFSK
1336,BPSK
1337,QPSK
1338,8PSK
1339,BPSK
1340,BPSK
1341,CPFSK
1342,CPFSK
1343,GFSK
1344,8PSK
1345,8PSK
1346,GFSK
1347,GFSK
1348,QPSK
1349,BPSK
1350,BPSK
1351,8PSK
1352,GFSK
1353,BPSK
1354,CPFSK
1355,BPSK
1356,CPFSK
1357,CPFSK
1358,GFSK
1359,BPSK
1360,GFSK
1361,GFSK
1362,8PSK
1363,QPSK
1364,BPSK
1365,BPSK
1366,GFSK
1367,8PSK
1368,QPSK
1369,8PSK
1370,8PSK
1371,8PSK
1372,GFSK
1373,GFSK
1374,QPSK
1375,GFSK
1376,CPFSK
1377,CPFSK
1378,CPFSK
1379,QPSK
1380,CPFSK
1381,GFSK
1382,8PSK
1383,8PSK
1384,CPFSK
1385,BPSK
1386,CPFSK
1387,BPSK
1388,GFSK
1389,8PSK
1390,BPSK
1391,8PSK
1392,GFSK
1393,8PSK
1394,GFSK
1395,GFSK
1396,CPFSK
1397,QPSK
1398,QPSK
1399,CPFSK
1400,QPSK
1401,8PSK
1402,8PSK
1403,CPFSK
1404,BPSK
1405,BPSK
1406,QPSK
1407,8PSK
1408,BPSK
1409,CPFSK
1410,QPSK
1411,GFSK
1412,CPFSK
1413,QPSK
1414,GFSK
1415,8PSK
1416,GFSK
1417,GFSK
1418,GFSK
1419,CPFSK
1420,QPSK
1421,QPSK
1422,BPSK
1423,8PSK
1424,8PSK
1425,GFSK
1426,8PSK
1427,CPFSK
1428,GFSK
1429,BPSK
1430,QPSK
1431,CPFSK
1432,8PSK
1433,CPFSK
1434,QPSK
1435,GFSK
1436,CPFSK
1437,BPSK
1438,GFSK
1439,QPSK
1440,CPFSK
1441,QPSK
1442,8PSK
1443,8PSK
1444,8PSK
1445,CPFSK
1446,CPFSK
1447,8PSK
1448,BPSK
1449,BPSK
1450,CPFSK
1451,BPSK
1452,8PSK
1453,8PSK
1454,BPSK
1455,CPFSK
1456,GFSK
1457,CPFSK
1458,GFSK
1459,BPSK
1460,GFSK
1461,GFSK
1462,BPSK
1463,8PSK
1464,GFSK
1465,GFSK
1466,BPSK
1467,CPFSK
1468,QPSK
1469,GFSK
1470,8PSK
1471,BPSK
1472,8PSK
1473,GFSK
1474,8PSK
1475,BPSK
1476,QPSK
1477,QPSK
1478,GFSK
1479,8PSK
1480,8PSK
1481,BPSK
1482,8PSK
1483,CPFSK
1484,BPSK
1485,BPSK
1486,QPSK
1487,GFSK
1488,BPSK
1489,GFSK
1490,GFSK
1491,8PSK
1492,CPFSK
1493,8PSK
1494,8PSK
1495,8PSK
1496,BPSK
1497,BPSK
1498,BPSK
1499,CPFSK
1500,GFSK
1501,8PSK
1502,8PSK
1503,CPFSK
1504,QPSK
1505,BPSK
1506,8PSK
1507,GFSK
1508,QPSK
1509,8PSK
1510,CPFSK
1511,QPSK
1512,8PSK
1513,CPFSK
1514,CPFSK
1515,8PSK
1516,BPSK
1517,8PSK
1518,GFSK
1519,GFSK
1520,QPSK
1521,QPSK
1522,QPSK
1523,CPFSK
1524,CPFSK
1525,BPSK
1526,CPFSK
1527,CPFSK
1528,QPSK
1529,BPSK
1530,8PSK
1531,CPFSK
1532,CPFSK
1533,CPFSK
1534,8PSK
1535,8PSK
1536,BPSK
1537,GFSK
1538,BPSK
1539,QPSK
1540,QPSK
1541,8PSK
1542,GFSK
1543,8PSK
1544,BPSK
1545,8PSK
1546,GFSK
1547,GFSK
1548,GFSK
1549,BPSK
1550,8PSK
1551,CPFSK
1552,BPSK
1553,GFSK
1554,BPSK
1555,BPSK
1556,CPFSK
1557,CPFSK
1558,BPSK
1559,CPFSK
1560,CPFSK
1561,GFSK
1562,QPSK
1563,QPSK
1564,BPSK
1565,QPSK
1566,8PSK
1567,CPFSK
1568,QPSK
1569,CPFSK
1570,CPFSK
1571,QPSK
1572,8PSK
1573,BPSK
1574,BPSK
1575,8PSK
1576,8PSK
1577,QPSK
1578,8PSK
1579,GFSK
1580,GFSK
1581,8PSK
1582,QPSK
1583,CPFSK
1584,GFSK
1585,CPFSK
1586,CPFSK
1587,QPSK
1588,QPSK
1589,QPSK
1590,QPSK
1591,GFSK
1592,CPFSK
1593,CPFSK
1594,QPSK
1595,GFSK
1596,CPFSK
1597,QPSK
1598,BPSK
1599,8PSK
1600,GFSK
1601,QPSK
1602,8PSK
1603,CPFSK
1604,8PSK
1605,CPFSK
1606,8PSK
1607,GFSK
1608,GFSK
1609,QPSK
1610,BPSK
1611,BPSK
1612,BPSK
1613,GFSK
1614,8PSK
1615,QPSK
1616,CPFSK
1617,GFSK
1618,QPSK
1619,CPFSK
1620,QPSK
1621,QPSK
1622,BPSK
1623,8PSK
1624,CPFSK
1625,QPSK
1626,CPFSK
1627,QPSK
1628,8PSK
1629,QPSK
1630,GFSK
1631,GFSK
1632,BPSK
1633,CPFSK
1634,GFSK
1635,QPSK
1636,GFSK
1637,CPFSK
1638,CPFSK
1639,BPSK
1640,CPFSK
1641,BPSK
1642,8PSK
1643,BPSK
1644,GFSK
1645,QPSK
1646,8PSK
1647,BPSK
1648,GFSK
1649,GFSK
1650,8PSK
1651,BPSK
1652,BPSK
1653,CPFSK
1654,QPSK
1655,CPFSK
1656,CPFSK
1657,8PSK
1658,GFSK
1659,QPSK
1660,CPFSK
1661,8PSK
1662,CPFSK
1663,GFSK
1664,CPFSK
1665,QPSK
1666,BPSK
1667,GFSK
1668,GFSK
1669,CPFSK
1670,BPSK
1671,QPSK
1672,QPSK
1673,CPFSK
1674,GFSK
1675,BPSK
1676,8PSK
1677,QPSK
1678,BPSK
1679,GFSK
1680,CPFSK
1681,GFSK
1682,GFSK
1683,GFSK
1684,8PSK
1685,CPFSK
1686,8PSK
1687,GFSK
1688,QPSK
1689,GFSK
1690,QPSK
1691,QPSK
1692,GFSK
1693,BPSK
1694,QPSK
1695,CPFSK
1696,CPFSK
1697,GFSK
1698,CPFSK
1699,BPSK
1700,CPFSK
1701,CPFSK
1702,QPSK
1703,CPFSK
1704,8PSK
1705,8PSK
1706,QPSK
1707,BPSK
1708,BPSK
1709,8PSK
1710,GFSK
1711,QPSK
1712,QPSK
1713,GFSK
1714,BPSK
1715,8PSK
1716,QPSK
1717,QPSK
1718,8PSK
1719,8PSK
1720,QPSK
1721,BPSK
1722,CPFSK
1723,QPSK
1724,8PSK
1725,BPSK
1726,BPSK
1727,8PSK
1728,GFSK
1729,8PSK
1730,QPSK
1731,CPFSK
1732,GFSK
1733,8PSK
1734,8PSK
1735,QPSK
1736,QPSK
1737,GFSK
1738,8PSK
1739,CPFSK
1740,QPSK
1741,8PSK
1742,CPFSK
1743,BPSK
1744,CPFSK
1745,BPSK
1746,BPSK
1747,CPFSK
1748,8PSK
1749,QPSK
1750,QPSK
1751,QPSK
1752,CPFSK
1753,QPSK
1754,QPSK
1755,8PSK
1756,8PSK
1757,8PSK
1758,8PSK
1759,GFSK
1760,BPSK
1761,QPSK
1762,GFSK
1763,CPFSK
1764,CPFSK
1765,QPSK
1766,GFSK
1767,BPSK
1768,BPSK
1769,BPSK
1770,BPSK
1771,GFSK
1772,BPSK
1773,BPSK
1774,CPFSK
1775,QPSK
1776,CPFSK
1777,GFSK
1778,BPSK
1779,CPFSK
1780,QPSK
1781,GFSK
1782,CPFSK
1783,QPSK
1784,QPSK
1785,BPSK
1786,GFSK
1787,8PSK
1788,GFSK
1789,CPFSK
1790,CPFSK
1791,QPSK
1792,BPSK
1793,BPSK
1794,GFSK
1795,CPFSK
1796,GFSK
1797,GFSK
1798,QPSK
1799,8PSK
1800,BPSK
1801,GFSK
1802,CPFSK
1803,CPFSK
1804,CPFSK
1805,BPSK
1806,GFSK
1807,GFSK
1808,GFSK
1809,QPSK
1810,GFSK
1811,CPFSK
1812,QPSK
1813,8PSK
1814,8PSK
1815,8PSK
1816,8PSK
1817,CPFSK
1818,BPSK
1819,8PSK
1820,GFSK
1821,GFSK
1822,CPFSK
1823,QPSK
1824,8PSK
1825,8PSK
1826,8PSK
1827,BPSK
1828,8PSK
1829,8PSK
1830,BPSK
1831,QPSK
1832,QPSK
1833,8PSK
1834,GFSK
1835,CPFSK
1836,BPSK
1837,BPSK
1838,BPSK
1839,GFSK
1840,QPSK
1841,GFSK
1842,8PSK
1843,GFSK
1844,CPFSK
1845,QPSK
1846,CPFSK
1847,CPFSK
1848,GFSK
1849,CPFSK
1850,QPSK
1851,QPSK
1852,GFSK
1853,CPFSK
1854,QPSK
1855,8PSK
1856,QPSK
1857,QPSK
1858,CPFSK
1859,CPFSK
1860,8PSK
1861,BPSK
1862,BPSK
1863,CPFSK
1864,QPSK
1865,QPSK
1866,8PSK
1867,QPSK
1868,8PSK
1869,QPSK
1870,QPSK
1871,BPSK
1872,QPSK
1873,GFSK
1874,8PSK
1875,BPSK
1876,CPFSK
1877,8PSK
1878,QPSK
1879,8PSK
1880,CPFSK
1881,8PSK
1882,8PSK
1883,QPSK
1884,QPSK
1885,8PSK
1886,8PSK
1887,BPSK
1888,BPSK
1889,QPSK
1890,BPSK
1891,CPFSK
1892,GFSK
1893,GFSK
1894,8PSK
1895,CPFSK
1896,QPSK
1897,QPSK
1898,GFSK
1899,CPFSK
1900,QPSK
1901,8PSK
1902,QPSK
1903,8PSK
1904,BPSK
1905,BPSK
1906,BPSK
1907,QPSK
1908,8PSK
1909,BPSK
1910,CPFSK
1911,GFSK
1912,GFSK
1913,8PSK
1914,8PSK
1915,8PSK
1916,QPSK
1917,BPSK
1918,BPSK
1919,8PSK
1920,CPFSK
1921,QPSK
1922,8PSK
1923,CPFSK
1924,BPSK
1925,GFSK
1926,QPSK
1927,QPSK
1928,BPSK
1929,BPSK
1930,CPFSK
1931,CPFSK
1932,8PSK
1933,CPFSK
1934,8PSK
1935,CPFSK
1936,GFSK
1937,GFSK
1938,8PSK
1939,GFSK
1940,GFSK
1941,QPSK
1942,CPFSK
1943,GFSK
1944,BPSK
1945,BPSK
1946,GFSK
1947,BPSK
1948,8PSK
1949,CPFSK
1950,BPSK
1951,GFSK
1952,QPSK
1953,CPFSK
1954,BPSK
1955,GFSK
1956,GFSK
1957,GFSK
1958,QPSK
1959,QPSK
1960,8PSK
1961,CPFSK
1962,CPFSK
1963,GFSK
1964,BPSK
1965,GFSK
1966,8PSK
1967,BPSK
1968,QPSK
1969,GFSK
1970,QPSK
1971,8PSK
1972,BPSK
1973,GFSK
1974,GFSK
1975,QPSK
1976,QPSK
1977,BPSK
1978,BPSK
1979,BPSK
1980,BPSK
1981,8PSK
1982,QPSK
1983,QPSK
1984,QPSK
1985,QPSK
1986,8PSK
1987,CPFSK
1988,QPSK
1989,QPSK
1990,CPFSK
1991,8PSK
1992,8PSK
1993,8PSK
1994,GFSK
1995,CPFSK
1996,GFSK
1997,8PSK
1998,QPSK
1999,8PSK
2000,GFSK
2001,QPSK
2002,QPSK
2003,BPSK
2004,CPFSK
2005,GFSK
2006,8PSK
2007,QPSK
2008,8PSK
2009,BPSK
2010,BPSK
2011,GFSK
2012,QPSK
2013,BPSK
2014,QPSK
2015,CPFSK
2016,8PSK
2017,GFSK
2018,GFSK
2019,8PSK
2020,GFSK
2021,CPFSK
2022,CPFSK
2023,CPFSK
2024,8PSK
2025,8PSK
2026,QPSK
2027,BPSK
2028,GFSK
2029,8PSK
2030,GFSK
2031,BPSK
2032,GFSK
2033,BPSK
2034,8PSK
2035,BPSK
2036,QPSK
2037,BPSK
2038,CPFSK
2039,BPSK
2040,BPSK
2041,QPSK
2042,CPFSK
2043,GFSK
2044,GFSK
2045,CPFSK
2046,QPSK
2047,QPSK
2048,8PSK
2049,8PSK
2050,QPSK
2051,GFSK
2052,GFSK
2053,8PSK
2054,CPFSK
2055,CPFSK
2056,GFSK
2057,GFSK
2058,CPFSK
2059,8PSK
2060,QPSK
2061,CPFSK
2062,8PSK
2063,GFSK
2064,CPFSK
2065,8PSK
2066,BPSK
2067,QPSK
2068,BPSK
2069,8PSK
2070,GFSK
2071,CPFSK
2072,CPFSK
2073,GFSK
2074,BPSK
2075,8PSK
2076,CPFSK
2077,8PSK
2078,QPSK
2079,BPSK
2080,GFSK
2081,BPSK
2082,QPSK
2083,CPFSK
2084,GFSK
2085,8PSK
2086,8PSK
2087,QPSK
2088,BPSK
2089,8PSK
2090,CPFSK
2091,GFSK
2092,8PSK
2093,CPFSK
2094,BPSK
2095,CPFSK
2096,8PSK
2097,CPFSK
2098,GFSK
2099,CPFSK
2100,8PSK
2101,GFSK
2102,CPFSK
2103,CPFSK
2104,GFSK
2105,8PSK
2106,CPFSK
2107,QPSK
2108,QPSK
2109,8PSK
2110,QPSK
2111,CPFSK
2112,8PSK
2113,CPFSK
2114,QPSK
2115,CPFSK
2116,8PSK
2117,BPSK
2118,CPFSK
2119,BPSK
2120,BPSK
2121,8PSK
2122,CPFSK
2123,BPSK
2124,GFSK
2125,QPSK
2126,QPSK
2127,QPSK
2128,CPFSK
2129,QPSK
2130,CPFSK
2131,QPSK
2132,GFSK
2133,8PSK
2134,CPFSK
2135,CPFSK
2136,GFSK
2137,BPSK
2138,GFSK
2139,BPSK
2140,CPFSK
2141,BPSK
2142,BPSK
2143,BPSK
2144,BPSK
2145,8PSK
2146,8PSK
2147,QPSK
2148,CPFSK
2149,8PSK
2150,GFSK
2151,8PSK
2152,GFSK
2153,CPFSK
2154,QPSK
2155,QPSK
2156,BPSK
2157,QPSK
2158,GFSK
2159,8PSK
2160,8PSK
2161,8PSK
2162,GFSK
2163,CPFSK
2164,8PSK
2165,8PSK
2166,8PSK
2167,GFSK
2168,QPSK
2169,QPSK
2170,QPSK
2171,GFSK
2172,QPSK
2173,CPFSK
2174,QPSK
2175,8PSK
2176,BPSK
2177,8PSK
2178,QPSK
2179,CPFSK
2180,CPFSK
2181,QPSK
2182,QPSK
2183,8PSK
2184,GFSK
2185,QPSK
2186,BPSK
2187,GFSK
2188,8PSK
2189,CPFSK
2190,QPSK
2191,BPSK
2192,BPSK
2193,GFSK
2194,QPSK
2195,CPFSK
2196,CPFSK
2197,GFSK
2198,GFSK
2199,BPSK
2200,CPFSK
2201,QPSK
2202,QPSK
2203,QPSK
2204,GFSK
2205,GFSK
2206,CPFSK
2207,QPSK
2208,CPFSK
2209,8PSK
2210,8PSK
2211,8PSK
2212,CPFSK
2213,GFSK
2214,BPSK
2215,QPSK
2216,QPSK
2217,CPFSK
2218,CPFSK
2219,GFSK
2220,CPFSK
2221,CPFSK
2222,QPSK
2223,BPSK
2224,QPSK
2225,8PSK
2226,QPSK
2227,BPSK
2228,8PSK
2229,CPFSK
2230,GFSK
2231,GFSK
2232,GFSK
2233,BPSK
2234,8PSK
2235,QPSK
2236,QPSK
2237,QPSK
2238,QPSK
2239,8PSK
2240,8PSK
2241,GFSK
2242,QPSK
2243,GFSK
2244,QPSK
2245,BPSK
2246,CPFSK
2247,CPFSK
2248,GFSK
2249,CPFSK
2250,CPFSK
2251,GFSK
2252,8PSK
2253,BPSK
2254,GFSK
2255,GFSK
2256,BPSK
2257,BPSK
2258,QPSK
2259,BPSK
2260,GFSK
2261,8PSK
2262,8PSK
2263,GFSK
2264,GFSK
2265,QPSK
2266,8PSK
2267,GFSK
2268,CPFSK
2269,QPSK
2270,8PSK
2271,CPFSK
2272,GFSK
2273,CPFSK
2274,QPSK
2275,8PSK
2276,GFSK
2277,8PSK
2278,QPSK
2279,GFSK
2280,BPSK
2281,CPFSK
2282,BPSK
2283,QPSK
2284,8PSK
2285,CPFSK
2286,QPSK
2287,CPFSK
2288,CPFSK
2289,QPSK
2290,CPFSK
2291,BPSK
2292,BPSK
2293,CPFSK
2294,8PSK
2295,BPSK
2296,QPSK
2297,CPFSK
2298,8PSK
2299,8PSK
2300,CPFSK
2301,BPSK
2302,QPSK
2303,BPSK
2304,GFSK
2305,BPSK
2306,CPFSK
2307,GFSK
2308,GFSK
2309,GFSK
2310,CPFSK
2311,8PSK
2312,CPFSK
2313,BPSK
2314,BPSK
2315,8PSK
2316,QPSK
2317,BPSK
2318,8PSK
2319,8PSK
2320,QPSK
2321,CPFSK
2322,QPSK
2323,CPFSK
2324,BPSK
2325,CPFSK
2326,CPFSK
2327,BPSK
2328,CPFSK
2329,8PSK
2330,QPSK
2331,CPFSK
2332,8PSK
2333,GFSK
2334,8PSK
2335,QPSK
2336,BPSK
2337,8PSK
2338,8PSK
2339,CPFSK
2340,BPSK
2341,8PSK
2342,QPSK
2343,8PSK
2344,BPSK
2345,QPSK
2346,CPFSK
2347,8PSK
2348,GFSK
2349,CPFSK
2350,BPSK
2351,CPFSK
2352,8PSK
2353,8PSK
2354,GFSK
2355,BPSK
2356,8PSK
2357,BPSK
2358,GFSK
2359,CPFSK
2360,8PSK
2361,GFSK
2362,QPSK
2363,CPFSK
2364,8PSK
2365,BPSK
2366,BPSK
2367,GFSK
2368,8PSK
2369,QPSK
2370,QPSK
2371,8PSK
2372,GFSK
2373,BPSK
2374,BPSK
2375,BPSK
2376,QPSK
2377,8PSK
2378,QPSK
2379,GFSK
2380,GFSK
2381,BPSK
2382,CPFSK
2383,CPFSK
2384,BPSK
2385,QPSK
2386,CPFSK
2387,BPSK
2388,8PSK
2389,QPSK
2390,CPFSK
2391,8PSK
2392,GFSK
2393,8PSK
2394,QPSK
2395,GFSK
2396,GFSK
2397,8PSK
2398,QPSK
2399,CPFSK
2400,CPFSK
2401,BPSK
2402,GFSK
2403,CPFSK
2404,CPFSK
2405,GFSK
2406,QPSK
2407,QPSK
2408,8PSK
2409,BPSK
2410,8PSK
2411,BPSK
2412,QPSK
2413,CPFSK
2414,8PSK
2415,CPFSK
2416,GFSK
2417,CPFSK
2418,BPSK
2419,GFSK
2420,QPSK
2421,GFSK
2422,BPSK
2423,QPSK
2424,8PSK
2425,QPSK
2426,GFSK
2427,QPSK
2428,GFSK
2429,QPSK
2430,QPSK
2431,8PSK
2432,QPSK
2433,QPSK
2434,BPSK
2435,8PSK
2436,BPSK
2437,BPSK
2438,BPSK
2439,QPSK
2440,QPSK
2441,CPFSK
2442,CPFSK
2443,BPSK
2444,GFSK
2445,QPSK
2446,8PSK
2447,QPSK
2448,8PSK
2449,BPSK
2450,8PSK
2451,BPSK
2452,GFSK
2453,CPFSK
2454,BPSK
2455,BPSK
2456,8PSK
2457,CPFSK
2458,CPFSK
2459,CPFSK
2460,QPSK
2461,8PSK
2462,QPSK
2463,8PSK
2464,GFSK
2465,BPSK
2466,QPSK
2467,GFSK
2468,QPSK
2469,GFSK
2470,GFSK
2471,QPSK
2472,QPSK
2473,GFSK
2474,QPSK
2475,QPSK
2476,BPSK
2477,QPSK
2478,GFSK
2479,QPSK
2480,QPSK
2481,CPFSK
2482,8PSK
2483,QPSK
2484,8PSK
2485,BPSK
2486,GFSK
2487,BPSK
2488,8PSK
2489,CPFSK
2490,GFSK
2491,QPSK
2492,8PSK
2493,QPSK
2494,GFSK
2495,BPSK
2496,BPSK
2497,8PSK
2498,CPFSK
2499,CPFSK
2500,8PSK
2501,GFSK
2502,CPFSK
2503,8PSK
2504,QPSK
2505,QPSK
2506,8PSK
2507,GFSK
2508,QPSK
2509,QPSK
2510,GFSK
2511,GFSK
2512,BPSK
2513,CPFSK
2514,QPSK
2515,GFSK
2516,GFSK
2517,QPSK
2518,8PSK
2519,BPSK
2520,GFSK
2521,CPFSK
2522,QPSK
2523,GFSK
2524,QPSK
2525,8PSK
2526,BPSK
2527,8PSK
2528,BPSK
2529,QPSK
2530,GFSK
2531,QPSK
2532,BPSK
2533,QPSK
2534,QPSK
2535,8PSK
2536,BPSK
2537,8PSK
2538,BPSK
2539,8PSK
2540,CPFSK
2541,QPSK
2542,8PSK
2543,CPFSK
2544,QPSK
2545,8PSK
2546,GFSK
2547,GFSK
2548,CPFSK
2549,QPSK
2550,BPSK
2551,CPFSK
2552,QPSK
2553,BPSK
2554,8PSK
2555,BPSK
2556,QPSK
2557,QPSK
2558,QPSK
2559,CPFSK
2560,CPFSK
2561,QPSK
2562,8PSK
2563,8PSK
2564,BPSK
2565,BPSK
2566,QPSK
2567,BPSK
2568,QPSK
2569,GFSK
2570,CPFSK
2571,QPSK
2572,CPFSK
2573,CPFSK
2574,GFSK
2575,8PSK
2576,QPSK
2577,8PSK
2578,CPFSK
2579,GFSK
2580,CPFSK
2581,8PSK
2582,QPSK
2583,8PSK
2584,QPSK
2585,BPSK
2586,QPSK
2587,GFSK
2588,QPSK
2589,CPFSK
2590,GFSK
2591,GFSK
2592,CPFSK
2593,8PSK
2594,BPSK
2595,GFSK
2596,8PSK
2597,BPSK
2598,GFSK
2599,QPSK
2600,QPSK
2601,CPFSK
2602,CPFSK
2603,CPFSK
2604,8PSK
2605,8PSK
2606,QPSK
2607,8PSK
2608,GFSK
2609,GFSK
2610,BPSK
2611,BPSK
2612,QPSK
2613,CPFSK
2614,CPFSK
2615,8PSK
2616,8PSK
2617,QPSK
2618,GFSK
2619,GFSK
2620,GFSK
2621,BPSK
2622,CPFSK
2623,BPSK
2624,CPFSK
2625,QPSK
2626,GFSK
2627,QPSK
2628,GFSK
2629,GFSK
2630,CPFSK
2631,BPSK
2632,CPFSK
2633,GFSK
2634,CPFSK
2635,8PSK
2636,CPFSK
2637,BPSK
2638,BPSK
2639,8PSK
2640,CPFSK
2641,CPFSK
2642,CPFSK
2643,8PSK
2644,BPSK
2645,CPFSK
2646,BPSK
2647,QPSK
2648,BPSK
2649,QPSK
2650,BPSK
2651,QPSK
2652,CPFSK
2653,8PSK
2654,BPSK
2655,BPSK
2656,GFSK
2657,QPSK
2658,BPSK
2659,CPFSK
2660,8PSK
2661,QPSK
2662,CPFSK
2663,GFSK
2664,QPSK
2665,8PSK
2666,BPSK
2667,QPSK
2668,BPSK
2669,QPSK
2670,8PSK
2671,8PSK
2672,CPFSK
2673,GFSK
2674,BPSK
2675,GFSK
2676,GFSK
2677,CPFSK
2678,QPSK
2679,8PSK
2680,GFSK
2681,BPSK
2682,GFSK
2683,CPFSK
2684,GFSK
2685,CPFSK
2686,BPSK
2687,BPSK
2688,QPSK
2689,QPSK
2690,GFSK
2691,GFSK
2692,8PSK
2693,QPSK
2694,GFSK
2695,BPSK
2696,8PSK
2697,BPSK
2698,8PSK
2699,QPSK
2700,QPSK
2701,GFSK
2702,BPSK
2703,QPSK
2704,GFSK
2705,CPFSK
2706,CPFSK
2707,BPSK
2708,QPSK
2709,QPSK
2710,CPFSK
2711,QPSK
2712,GFSK
2713,BPSK
2714,QPSK
2715,QPSK
2716,QPSK
2717,CPFSK
2718,CPFSK
2719,GFSK
2720,CPFSK
2721,8PSK
2722,CPFSK
2723,CPFSK
2724,8PSK
2725,BPSK
2726,BPSK
2727,GFSK
2728,QPSK
2729,GFSK
2730,BPSK
2731,BPSK
2732,8PSK
2733,GFSK
2734,8PSK
2735,GFSK
2736,GFSK
2737,GFSK
2738,8PSK
2739,GFSK
2740,GFSK
2741,8PSK
2742,8PSK
2743,BPSK
2744,BPSK
2745,BPSK
2746,BPSK
2747,GFSK
2748,CPFSK
2749,GFSK
2750,QPSK
2751,CPFSK
2752,GFSK
2753,QPSK
2754,BPSK
2755,BPSK
2756,GFSK
2757,CPFSK
2758,CPFSK
2759,8PSK
2760,QPSK
2761,CPFSK
2762,BPSK
2763,GFSK
2764,8PSK
2765,8PSK
2766,CPFSK
2767,GFSK
2768,QPSK
2769,8PSK
2770,GFSK
2771,QPSK
2772,BPSK
2773,8PSK
2774,GFSK
2775,QPSK
2776,GFSK
2777,BPSK
2778,BPSK
2779,GFSK
2780,GFSK
2781,QPSK
2782,QPSK
2783,GFSK
2784,GFSK
2785,BPSK
2786,GFSK
2787,CPFSK
2788,GFSK
2789,8PSK
2790,CPFSK
2791,BPSK
2792,QPSK
2793,8PSK
2794,BPSK
2795,BPSK
2796,CPFSK
2797,GFSK
2798,BPSK
2799,GFSK
2800,BPSK
2801,QPSK
2802,BPSK
2803,CPFSK
2804,8PSK
2805,QPSK
2806,BPSK
2807,BPSK
2808,BPSK
2809,QPSK
2810,BPSK
2811,QPSK
2812,BPSK
2813,GFSK
2814,QPSK
2815,GFSK
2816,8PSK
2817,QPSK
2818,QPSK
2819,QPSK
2820,GFSK
2821,CPFSK
2822,BPSK
2823,CPFSK
2824,GFSK
2825,CPFSK
2826,GFSK
2827,8PSK
2828,BPSK
2829,QPSK
2830,GFSK
2831,GFSK
2832,BPSK
2833,GFSK
2834,QPSK
2835,QPSK
2836,GFSK
2837,QPSK
2838,CPFSK
2839,CPFSK
2840,QPSK
2841,GFSK
2842,QPSK
2843,8PSK
2844,QPSK
2845,QPSK
2846,BPSK
2847,GFSK
2848,CPFSK
2849,8PSK
2850,8PSK
2851,GFSK
2852,GFSK
2853,8PSK
2854,QPSK
2855,QPSK
2856,CPFSK
2857,BPSK
2858,QPSK
2859,QPSK
2860,CPFSK
2861,CPFSK
2862,CPFSK
2863,QPSK
2864,QPSK
2865,BPSK
2866,GFSK
2867,8PSK
2868,GFSK
2869,QPSK
2870,GFSK
2871,CPFSK
2872,BPSK
2873,BPSK
2874,GFSK
2875,8PSK
2876,8PSK
2877,CPFSK
2878,CPFSK
2879,QPSK
2880,BPSK
2881,CPFSK
2882,BPSK
2883,CPFSK
2884,8PSK
2885,8PSK
2886,GFSK
2887,8PSK
2888,BPSK
2889,QPSK
2890,BPSK
2891,GFSK
2892,BPSK
2893,QPSK
2894,QPSK
2895,8PSK
2896,QPSK
2897,BPSK
2898,QPSK
2899,BPSK
2900,8PSK
2901,8PSK
2902,CPFSK
2903,QPSK
2904,BPSK
2905,CPFSK
2906,BPSK
2907,GFSK
2908,GFSK
2909,CPFSK
2910,GFSK
2911,GFSK
2912,CPFSK
2913,BPSK
2914,CPFSK
2915,BPSK
2916,GFSK
2917,GFSK
2918,GFSK
2919,BPSK
2920,CPFSK
2921,8PSK
2922,BPSK
2923,CPFSK
2924,GFSK
2925,CPFSK
2926,8PSK
2927,CPFSK
2928,GFSK
2929,BPSK
2930,QPSK
2931,BPSK
2932,8PSK
2933,BPSK
2934,QPSK
2935,QPSK
2936,QPSK
2937,QPSK
2938,GFSK
2939,BPSK
2940,BPSK
2941,QPSK
2942,CPFSK
2943,8PSK
2944,GFSK
2945,8PSK
2946,8PSK
2947,QPSK
2948,8PSK
2949,QPSK
2950,BPSK
2951,8PSK
2952,8PSK
2953,QPSK
2954,CPFSK
2955,8PSK
2956,BPSK
2957,QPSK
2958,CPFSK
2959,CPFSK
2960,QPSK
2961,GFSK
2962,CPFSK
2963,8PSK
2964,CPFSK
2965,GFSK
2966,QPSK
2967,CPFSK
2968,BPSK
2969,BPSK
2970,GFSK
2971,GFSK
2972,CPFSK
2973,QPSK
2974,BPSK
2975,QPSK
2976,8PSK
2977,8PSK
2978,BPSK
2979,BPSK
2980,CPFSK
2981,GFSK
2982,8PSK
2983,CPFSK
2984,QPSK
2985,8PSK
2986,GFSK
2987,BPSK
2988,GFSK
2989,GFSK
2990,CPFSK
2991,BPSK
2992,GFSK
2993,8PSK
2994,GFSK
2995,QPSK
2996,CPFSK
2997,CPFSK
2998,QPSK
2999,8PSK